{"schemaVersion":"1.0","appDefinitionTemplate":{"id":"/providers/Microsoft.PowerApps/apps/","type":"Microsoft.PowerApps/apps","tags":{"minimumRequiredApiVersion":"2.2.0"},"properties":{"appVersion":"2019-10-02T22:44:10Z","lifeCycleId":"Published","createdByClientVersion":{"major":3,"minor":19093,"build":16,"revision":0,"majorRevision":0,"minorRevision":0},"minClientVersion":{"major":3,"minor":19093,"build":16,"revision":0,"majorRevision":0,"minorRevision":0},"backgroundColor":"rgba(208, 52, 56, 1)","backgroundImageUri":"/13371602309057883799/Nf787a4dc-f011-4229-bb7b-fe717e0a77aa-logoSmallFile","displayName":"Griffton IT Assets - Tablet","description":"","commitMessage":"","appUris":{"documentUri":{"value":"/13371602309057883799/N5d1a95f4-9c68-41ef-be38-9b6d13254a6d-document.msapp","readonlyValue":"/13371602309057883799/N5d1a95f4-9c68-41ef-be38-9b6d13254a6d-document.msapp"},"imageUris":[]},"createdTime":"0001-01-01T00:00:00Z","lastModifiedTime":"0001-01-01T00:00:00Z","sharedGroupsCount":0,"sharedUsersCount":0,"icons":{"smallIconUri":"/13371602309057883799/Na73608b8-265b-4e20-9cee-28c256b1256c-small.png","mediumIconUri":"/13371602309057883799/N87690f59-9d75-4d49-b0ba-b6d103c223f0-medium.png","largeIconUri":"/13371602309057883799/Nadd49462-37b7-437a-8deb-ce1e213488c2-large.png","wideIconUri":"/13371602309057883799/N7811eca9-eaa2-4afa-8261-8530d9a8a612-wide.png"},"connectionReferences":{},"databaseReferences":{},"almMode":"Environment"},"appComponents":[]}}