{"schemaVersion":"1.0","appDefinitionTemplate":{"id":"/providers/Microsoft.PowerApps/apps/","type":"Microsoft.PowerApps/apps","tags":{"minimumRequiredApiVersion":"2.2.0"},"properties":{"appVersion":"2019-09-25T22:47:25Z","lifeCycleId":"Published","createdByClientVersion":{"major":3,"minor":19092,"build":12,"revision":0,"majorRevision":0,"minorRevision":0},"minClientVersion":{"major":3,"minor":19092,"build":12,"revision":0,"majorRevision":0,"minorRevision":0},"backgroundColor":"rgba(208, 52, 56, 1)","backgroundImageUri":"/13371602309057883799/N6a19a5df-3e68-49a2-bdd9-f01db8d3a278-logoSmallFile","displayName":"Griffton IT Assets - Tablet","description":"","commitMessage":"","appUris":{"documentUri":{"value":"/13371602309057883799/Nd2dd18b5-ea68-4272-939a-0bec876b05c5-document.msapp","readonlyValue":"/13371602309057883799/Nd2dd18b5-ea68-4272-939a-0bec876b05c5-document.msapp"},"imageUris":[]},"createdTime":"0001-01-01T00:00:00Z","lastModifiedTime":"0001-01-01T00:00:00Z","sharedGroupsCount":0,"sharedUsersCount":0,"icons":{"smallIconUri":"/13371602309057883799/N2c2a52ec-d95b-4912-9e6f-99f9e24a3dd5-small.png","mediumIconUri":"/13371602309057883799/N0ca1c898-dc9f-4819-872d-c2292756c920-medium.png","largeIconUri":"/13371602309057883799/N97067b3b-1088-44b6-aa83-a1588fee52b9-large.png","wideIconUri":"/13371602309057883799/N5fdd2f12-0a2e-4741-9bfa-bcac438f95fd-wide.png"},"connectionReferences":{},"databaseReferences":{},"almMode":"Environment"},"appComponents":[]}}