{"schemaVersion":"1.0","appDefinitionTemplate":{"id":"/providers/Microsoft.PowerApps/apps/","type":"Microsoft.PowerApps/apps","tags":{"minimumRequiredApiVersion":"2.2.0"},"properties":{"appVersion":"2019-09-15T19:50:35Z","lifeCycleId":"Published","createdByClientVersion":{"major":3,"minor":19091,"build":18,"revision":0,"majorRevision":0,"minorRevision":0},"minClientVersion":{"major":3,"minor":19091,"build":18,"revision":0,"majorRevision":0,"minorRevision":0},"backgroundColor":"rgba(208, 52, 56, 1)","backgroundImageUri":"/13371602309057883799/Nc238102f-8baf-4e90-b2bc-0dc5c9cc33a3-logoSmallFile","displayName":"Griffton IT Assets - Tablet","description":"","commitMessage":"","appUris":{"documentUri":{"value":"/13371602309057883799/N5bd40f18-ee47-49a6-a64e-f434cfad6b98-document.msapp","readonlyValue":"/13371602309057883799/N5bd40f18-ee47-49a6-a64e-f434cfad6b98-document.msapp"},"imageUris":[]},"createdTime":"0001-01-01T00:00:00Z","lastModifiedTime":"0001-01-01T00:00:00Z","sharedGroupsCount":0,"sharedUsersCount":0,"icons":{"smallIconUri":"/13371602309057883799/Na336c947-f89b-4fb4-ba39-c25a3c05d655-small.png","mediumIconUri":"/13371602309057883799/N7ddb5ed2-d0c4-4e36-9981-8096f694368c-medium.png","largeIconUri":"/13371602309057883799/Ncde5c0d5-08da-4146-b2b1-5cd4a3643140-large.png","wideIconUri":"/13371602309057883799/N689c0ca3-fd52-4507-8d01-1b889e484986-wide.png"},"connectionReferences":{},"databaseReferences":{},"almMode":"Environment"},"appComponents":[]}}