{"schemaVersion":"1.0","appDefinitionTemplate":{"id":"/providers/Microsoft.PowerApps/apps/","type":"Microsoft.PowerApps/apps","tags":{"minimumRequiredApiVersion":"2.2.0"},"properties":{"appVersion":"2019-09-29T21:32:09Z","lifeCycleId":"Published","createdByClientVersion":{"major":3,"minor":19093,"build":16,"revision":0,"majorRevision":0,"minorRevision":0},"minClientVersion":{"major":3,"minor":19093,"build":16,"revision":0,"majorRevision":0,"minorRevision":0},"backgroundColor":"rgba(208, 52, 56, 1)","backgroundImageUri":"/13371602309057883799/N41bdba1a-9226-49d2-a914-64ce75ef9b3b-logoSmallFile","displayName":"Griffton IT Assets - Tablet","description":"","commitMessage":"","appUris":{"documentUri":{"value":"/13371602309057883799/N22dbada3-f267-4c03-b81e-fc9ccf2b940e-document.msapp","readonlyValue":"/13371602309057883799/N22dbada3-f267-4c03-b81e-fc9ccf2b940e-document.msapp"},"imageUris":[]},"createdTime":"0001-01-01T00:00:00Z","lastModifiedTime":"0001-01-01T00:00:00Z","sharedGroupsCount":0,"sharedUsersCount":0,"icons":{"smallIconUri":"/13371602309057883799/N5ef900b6-2234-4281-8235-1a4c9c29509d-small.png","mediumIconUri":"/13371602309057883799/N4a29a1a2-5791-409d-b3f1-15cd3a6030a8-medium.png","largeIconUri":"/13371602309057883799/N0b570361-284b-413b-97c0-98a923ec2329-large.png","wideIconUri":"/13371602309057883799/N9d97d9e3-ea97-4584-933b-854c1fcd29c8-wide.png"},"connectionReferences":{},"databaseReferences":{},"almMode":"Environment"},"appComponents":[]}}