{"schemaVersion":"1.0","appDefinitionTemplate":{"id":"/providers/Microsoft.PowerApps/apps/","type":"Microsoft.PowerApps/apps","tags":{"minimumRequiredApiVersion":"2.2.0"},"properties":{"appVersion":"2019-09-15T19:58:14Z","lifeCycleId":"Published","createdByClientVersion":{"major":3,"minor":19091,"build":18,"revision":0,"majorRevision":0,"minorRevision":0},"minClientVersion":{"major":3,"minor":19091,"build":18,"revision":0,"majorRevision":0,"minorRevision":0},"backgroundColor":"rgba(243, 138, 122, 1)","backgroundImageUri":"/4587723196575575322/N0e0502ba-ac4a-420b-8811-c2e1d3c2d891-logoSmallFile","displayName":"Griffton IT Assets - Phone","description":"","commitMessage":"","appUris":{"documentUri":{"value":"/4587723196575575322/N62caf3d3-c8b3-4d69-bcb1-1fd3418ce4f1-document.msapp","readonlyValue":"/4587723196575575322/N62caf3d3-c8b3-4d69-bcb1-1fd3418ce4f1-document.msapp"},"imageUris":[]},"createdTime":"0001-01-01T00:00:00Z","lastModifiedTime":"0001-01-01T00:00:00Z","sharedGroupsCount":0,"sharedUsersCount":0,"icons":{"smallIconUri":"/4587723196575575322/N5591dda0-25c4-4adf-88fc-bd09f647d02b-small.png","mediumIconUri":"/4587723196575575322/N80eb4ec5-3096-4d18-b9a2-cd90125e3aef-medium.png","largeIconUri":"/4587723196575575322/N526441d3-5745-44c4-b0c9-74c1b33d7efa-large.png","wideIconUri":"/4587723196575575322/N87f42b46-3077-427b-b892-4353ae77e4ea-wide.png"},"connectionReferences":{},"databaseReferences":{},"almMode":"Environment"},"appComponents":[]}}