{"schemaVersion":"1.0","appDefinitionTemplate":{"id":"/providers/Microsoft.PowerApps/apps/","type":"Microsoft.PowerApps/apps","tags":{"minimumRequiredApiVersion":"2.2.0"},"properties":{"appVersion":"2019-10-22T20:06:07Z","lifeCycleId":"Published","createdByClientVersion":{"major":3,"minor":19101,"build":25,"revision":0,"majorRevision":0,"minorRevision":0},"minClientVersion":{"major":3,"minor":19101,"build":25,"revision":0,"majorRevision":0,"minorRevision":0},"backgroundColor":"rgba(208, 52, 56, 1)","backgroundImageUri":"/13371602309057883799/Nacd33b06-1631-4809-878c-e783276180ef-logoSmallFile","displayName":"Griffton IT Assets - Tablet","description":"","commitMessage":"","appUris":{"documentUri":{"value":"/13371602309057883799/N6a7a1a94-faf5-4c1b-be04-f39eae9f63b7-document.msapp","readonlyValue":"/13371602309057883799/N6a7a1a94-faf5-4c1b-be04-f39eae9f63b7-document.msapp"},"imageUris":[]},"createdTime":"0001-01-01T00:00:00Z","lastModifiedTime":"0001-01-01T00:00:00Z","sharedGroupsCount":0,"sharedUsersCount":0,"icons":{"smallIconUri":"/13371602309057883799/N783bac3c-3b4c-43f8-b416-d551db860c70-small.png","mediumIconUri":"/13371602309057883799/Nc9741896-def7-40a7-8a16-eb422bda2bf0-medium.png","largeIconUri":"/13371602309057883799/N9ef384e3-f637-4d53-a694-cd972ed73408-large.png","wideIconUri":"/13371602309057883799/N1b04f8ba-d76f-4fc2-94cd-86c496b99ed1-wide.png"},"connectionReferences":{"3aa0cfa7-15c3-4337-a6d5-2374a9f30595":{"id":"f45d8ad1-7829-4b06-ad66-cb49cfa5f476","displayName":"Azure AD","iconUri":"https://connectoricons-prod.azureedge.net/azuread/icon_1.0.1258.1715.png","dataSources":["AzureAD"],"dependencies":[],"dependents":[],"parameterHints":{},"isOnPremiseConnection":false,"bypassConsent":false,"dataSets":{},"apiTier":"Standard","isCustomApiConnection":false},"462e8390-552f-428b-b9a4-3d55e9bbea11":{"id":"4965d300-767c-4b6d-827d-435335cfb496","displayName":"Office 365 Users","iconUri":"https://connectoricons-prod.azureedge.net/office365users/icon_1.0.1258.1715.png","dataSources":["Office365Users"],"dependencies":[],"dependents":[],"parameterHints":{},"isOnPremiseConnection":false,"bypassConsent":false,"dataSets":{},"apiTier":"Standard","isCustomApiConnection":false},"3581298e-2cc0-416a-a1f1-7e86840b4153":{"id":"2b53779f-70cb-4aa2-b42d-7bc2bba4d3dc","displayName":"Excel","iconUri":"https://connectoricons-prod.azureedge.net/excel/icon_1.0.1261.1716.png","dataSources":["Categories"],"dependencies":["dfb08eba-75c4-4a75-8062-1931d8b9714b"],"dependents":[],"parameterHints":{"dfb08eba-75c4-4a75-8062-1931d8b9714b":{"value":"fileSource"}},"isOnPremiseConnection":false,"bypassConsent":false,"dataSets":{"b!Cbk2pfpAB0u6qrN5wgMeJQcj1Vbo6mJPpEkOU329yK3IcJBOZbe5TLthqboXy_i8.01LHFJWQ5WK3SMHSTJMJDJUARCBGN7X67N":{"dataSources":{"Categories":{"tableName":"Categories"}}}},"apiTier":"Standard","isCustomApiConnection":false},"dfb08eba-75c4-4a75-8062-1931d8b9714b":{"id":"22ca56c7-32a8-4a7d-a05d-df46249fa460","displayName":"OneDrive for Business","iconUri":"https://connectoricons-prod.azureedge.net/onedriveforbusiness/icon_1.0.1261.1716.png","dataSources":[],"dependencies":[],"dependents":["3581298e-2cc0-416a-a1f1-7e86840b4153"],"parameterHints":{},"isOnPremiseConnection":false,"bypassConsent":false,"dataSets":{},"apiTier":"Standard","isCustomApiConnection":false},"384e720c-afdd-496f-84bc-435a1b68c443":{"id":"2b53779f-70cb-4aa2-b42d-7bc2bba4d3dc","displayName":"Excel","iconUri":"https://connectoricons-prod.azureedge.net/excel/icon_1.0.1261.1716.png","dataSources":["Assets"],"dependencies":["f052cb1d-296d-470f-ac90-c6d00e24779c"],"dependents":[],"parameterHints":{"f052cb1d-296d-470f-ac90-c6d00e24779c":{"value":"fileSource"}},"isOnPremiseConnection":false,"bypassConsent":false,"dataSets":{"b!Cbk2pfpAB0u6qrN5wgMeJQcj1Vbo6mJPpEkOU329yK3IcJBOZbe5TLthqboXy_i8.01LHFJWQ5WK3SMHSTJMJDJUARCBGN7X67N":{"dataSources":{"Assets":{"tableName":"Assets"}}}},"apiTier":"Standard","isCustomApiConnection":false},"f052cb1d-296d-470f-ac90-c6d00e24779c":{"id":"22ca56c7-32a8-4a7d-a05d-df46249fa460","displayName":"OneDrive for Business","iconUri":"https://connectoricons-prod.azureedge.net/onedriveforbusiness/icon_1.0.1261.1716.png","dataSources":[],"dependencies":[],"dependents":["384e720c-afdd-496f-84bc-435a1b68c443"],"parameterHints":{},"isOnPremiseConnection":false,"bypassConsent":false,"dataSets":{},"apiTier":"Standard","isCustomApiConnection":false}},"databaseReferences":{},"almMode":"Environment","performanceOptimizationEnabled":false},"isAppComponentLibrary":false,"appComponents":[]}}