{"name":"c767d5fd-37e2-438a-a38f-95132369680d","id":"/providers/Microsoft.Flow/flows/c767d5fd-37e2-438a-a38f-95132369680d","type":"Microsoft.Flow/flows","properties":{"apiId":"/providers/Microsoft.PowerApps/apis/shared_logicflows","displayName":"Asset Assignment","definition":{"metadata":{"workflowEntityId":null,"creator":{"id":"e6a1798f-f295-4793-bd9e-9388ca802caf","type":"User","tenantId":"5a936f1a-3d39-40db-b8f9-29740c36300b"},"provisioningMethod":"FromDefinition","failureAlertSubscription":true,"clientLastModifiedTime":"2019-10-26T23:57:11.8746243Z"},"$schema":"https://schema.management.azure.com/providers/Microsoft.Logic/schemas/2016-06-01/workflowdefinition.json#","contentVersion":"1.0.0.0","parameters":{"$connections":{"defaultValue":{},"type":"Object"},"$authentication":{"defaultValue":{},"type":"SecureObject"}},"triggers":{"manual":{"type":"Request","kind":"PowerApp","inputs":{"schema":{"type":"object","properties":{"Assignee_Value":{"type":"string","description":"Enter initial value","x-ms-powerflows-param-ispartial":false},"Asset_Value":{"type":"string","description":"Enter initial value","x-ms-powerflows-param-ispartial":false}},"required":["Assignee_Value","Asset_Value"]}}}},"actions":{"Assignee":{"runAfter":{},"type":"InitializeVariable","inputs":{"variables":[{"name":"Assignee","type":"String","value":"@{triggerBody()['Assignee_Value']}"}]}},"Asset":{"runAfter":{"Assignee":["Succeeded"]},"type":"InitializeVariable","inputs":{"variables":[{"name":"Asset","type":"String","value":"@triggerBody()['Asset_Value']"}]}},"Get_user_profile_(V2)":{"runAfter":{"Asset":["Succeeded"]},"metadata":{"flowSystemMetadata":{"swaggerOperationId":"UserProfile_V2"}},"type":"ApiConnection","inputs":{"host":{"connection":{"name":"@json(decodeBase64(triggerOutputs().headers['X-MS-APIM-Tokens']))['$connections']['shared_office365users']['connectionId']"},"api":{"runtimeUrl":"https://uk-001.azure-apim.net/apim/office365users"}},"method":"get","path":"/codeless/v1.0/users/@{encodeURIComponent(variables('Assignee'))}","authentication":{"type":"Raw","value":"@json(decodeBase64(triggerOutputs().headers['X-MS-APIM-Tokens']))['$ConnectionKey']"}}},"Get_manager_(V2)":{"runAfter":{"Get_user_profile_(V2)":["Succeeded"]},"metadata":{"flowSystemMetadata":{"swaggerOperationId":"Manager_V2"}},"type":"ApiConnection","inputs":{"host":{"connection":{"name":"@json(decodeBase64(triggerOutputs().headers['X-MS-APIM-Tokens']))['$connections']['shared_office365users']['connectionId']"},"api":{"runtimeUrl":"https://uk-001.azure-apim.net/apim/office365users"}},"method":"get","path":"/codeless/v1.0/users/@{encodeURIComponent(variables('Assignee'))}/manager","authentication":{"type":"Raw","value":"@json(decodeBase64(triggerOutputs().headers['X-MS-APIM-Tokens']))['$ConnectionKey']"}}},"Send_an_email_notification_(V3)":{"runAfter":{"Get_manager_(V2)":["Succeeded"]},"metadata":{"flowSystemMetadata":{"swaggerOperationId":"SendEmailV3"}},"type":"ApiConnection","inputs":{"host":{"connection":{"name":"@json(decodeBase64(triggerOutputs().headers['X-MS-APIM-Tokens']))['$connections']['shared_sendmail']['connectionId']"},"api":{"runtimeUrl":"https://uk-001.azure-apim.net/apim/sendmail"}},"method":"post","body":{"to":"@{body('Get_user_profile_(V2)')?['mail']};","subject":"An asseet has been assigned to you","text":"<p>Dear @{body('Get_user_profile_(V2)')?['displayName']}<br>\n<br>\nAn asset has been assigned to you for the duration of your employment with Griffton. You have been assigned the following asset:<br>\n<br>\n@{variables('Asset')}<br>\n<br>\nRegards<br>\n<br>\nIT</p>","ishtml":true},"path":"/v3/mail/send","authentication":{"type":"Raw","value":"@json(decodeBase64(triggerOutputs().headers['X-MS-APIM-Tokens']))['$ConnectionKey']"}}}}},"connectionReferences":{"shared_office365users":{"connectionName":"2e8e21464211429ca060d876e365290c","source":"Invoker","id":"/providers/Microsoft.PowerApps/apis/shared_office365users","tier":"NotSpecified"},"shared_sendmail":{"connectionName":"shared-sendmail-756b4534-bf1a-4ed8-89bb-59121a11eea2","source":"Invoker","id":"/providers/Microsoft.PowerApps/apis/shared_sendmail","tier":"NotSpecified"}},"flowFailureAlertSubscribed":false}}